[{"model": "admin.logentry", "pk": 1, "fields": {"action_time": "2024-12-05T12:22:14.055Z", "user": 6, "content_type": 7, "object_id": "3", "object_repr": "Python. Самое полное руководство по разработке в примерах от сообщества Stack Overflow .", "action_flag": 2, "change_message": "[{\"added\": {\"name\": \"gallery\", \"object\": \"Gallery object (1)\"}}, {\"added\": {\"name\": \"gallery\", \"object\": \"Gallery object (2)\"}}]"}}, {"model": "admin.logentry", "pk": 2, "fields": {"action_time": "2024-12-06T11:17:06.684Z", "user": 6, "content_type": 7, "object_id": "11", "object_repr": "Оконные функции SQL. Анализ данных на практике Жиянов А. Н.", "action_flag": 1, "change_message": "[{\"added\": {}}, {\"added\": {\"name\": \"gallery\", \"object\": \"Gallery object (3)\"}}, {\"added\": {\"name\": \"gallery\", \"object\": \"Gallery object (4)\"}}]"}}, {"model": "admin.logentry", "pk": 3, "fields": {"action_time": "2024-12-06T11:20:09.351Z", "user": 6, "content_type": 7, "object_id": "12", "object_repr": "МакГрат М. JavaScript для начинающих. 6-е издание", "action_flag": 1, "change_message": "[{\"added\": {}}, {\"added\": {\"name\": \"gallery\", \"object\": \"Gallery object (5)\"}}, {\"added\": {\"name\": \"gallery\", \"object\": \"Gallery object (6)\"}}]"}}, {"model": "admin.logentry", "pk": 4, "fields": {"action_time": "2024-12-06T11:24:18.430Z", "user": 6, "content_type": 7, "object_id": "13", "object_repr": "SQL. Pocket guide, 4-е изд.", "action_flag": 1, "change_message": "[{\"added\": {}}, {\"added\": {\"name\": \"gallery\", \"object\": \"Gallery object (7)\"}}, {\"added\": {\"name\": \"gallery\", \"object\": \"Gallery object (8)\"}}]"}}, {"model": "admin.logentry", "pk": 5, "fields": {"action_time": "2024-12-06T11:27:13.534Z", "user": 6, "content_type": 7, "object_id": "14", "object_repr": "Книга: Ткачев О. А. \"PostgreSQL: SQL + PL/pgSQL для тех, кто хочет стать профессионалом\"", "action_flag": 1, "change_message": "[{\"added\": {}}, {\"added\": {\"name\": \"gallery\", \"object\": \"Gallery object (9)\"}}]"}}, {"model": "admin.logentry", "pk": 6, "fields": {"action_time": "2024-12-06T11:30:05.503Z", "user": 6, "content_type": 7, "object_id": "15", "object_repr": "SQL: быстрое погружение", "action_flag": 1, "change_message": "[{\"added\": {}}, {\"added\": {\"name\": \"gallery\", \"object\": \"Gallery object (10)\"}}, {\"added\": {\"name\": \"gallery\", \"object\": \"Gallery object (11)\"}}]"}}, {"model": "admin.logentry", "pk": 7, "fields": {"action_time": "2024-12-06T11:33:46.551Z", "user": 6, "content_type": 7, "object_id": "16", "object_repr": "JavaScript на примерах. Практика, практика и только практика", "action_flag": 1, "change_message": "[{\"added\": {}}, {\"added\": {\"name\": \"gallery\", \"object\": \"Gallery object (12)\"}}, {\"added\": {\"name\": \"gallery\", \"object\": \"Gallery object (13)\"}}]"}}, {"model": "admin.logentry", "pk": 8, "fields": {"action_time": "2024-12-06T11:36:21.747Z", "user": 6, "content_type": 7, "object_id": "17", "object_repr": "Новая большая книга CSS [Цифровая книга]", "action_flag": 1, "change_message": "[{\"added\": {}}]"}}, {"model": "admin.logentry", "pk": 9, "fields": {"action_time": "2024-12-06T11:40:57.792Z", "user": 6, "content_type": 7, "object_id": "18", "object_repr": "Справочник HTML. Кратко, быстро, под рукой", "action_flag": 1, "change_message": "[{\"added\": {}}, {\"added\": {\"name\": \"gallery\", \"object\": \"Gallery object (14)\"}}, {\"added\": {\"name\": \"gallery\", \"object\": \"Gallery object (15)\"}}]"}}, {"model": "admin.logentry", "pk": 10, "fields": {"action_time": "2024-12-06T11:58:07.648Z", "user": 6, "content_type": 7, "object_id": "19", "object_repr": "Васильев А. Н. JavaScript в примерах и задачах", "action_flag": 1, "change_message": "[{\"added\": {}}, {\"added\": {\"name\": \"gallery\", \"object\": \"Gallery object (16)\"}}, {\"added\": {\"name\": \"gallery\", \"object\": \"Gallery object (17)\"}}]"}}, {"model": "auth.permission", "pk": 1, "fields": {"name": "Can add log entry", "content_type": 1, "codename": "add_logentry"}}, {"model": "auth.permission", "pk": 2, "fields": {"name": "Can change log entry", "content_type": 1, "codename": "change_logentry"}}, {"model": "auth.permission", "pk": 3, "fields": {"name": "Can delete log entry", "content_type": 1, "codename": "delete_logentry"}}, {"model": "auth.permission", "pk": 4, "fields": {"name": "Can view log entry", "content_type": 1, "codename": "view_logentry"}}, {"model": "auth.permission", "pk": 5, "fields": {"name": "Can add permission", "content_type": 2, "codename": "add_permission"}}, {"model": "auth.permission", "pk": 6, "fields": {"name": "Can change permission", "content_type": 2, "codename": "change_permission"}}, {"model": "auth.permission", "pk": 7, "fields": {"name": "Can delete permission", "content_type": 2, "codename": "delete_permission"}}, {"model": "auth.permission", "pk": 8, "fields": {"name": "Can view permission", "content_type": 2, "codename": "view_permission"}}, {"model": "auth.permission", "pk": 9, "fields": {"name": "Can add group", "content_type": 3, "codename": "add_group"}}, {"model": "auth.permission", "pk": 10, "fields": {"name": "Can change group", "content_type": 3, "codename": "change_group"}}, {"model": "auth.permission", "pk": 11, "fields": {"name": "Can delete group", "content_type": 3, "codename": "delete_group"}}, {"model": "auth.permission", "pk": 12, "fields": {"name": "Can view group", "content_type": 3, "codename": "view_group"}}, {"model": "auth.permission", "pk": 13, "fields": {"name": "Can add content type", "content_type": 4, "codename": "add_contenttype"}}, {"model": "auth.permission", "pk": 14, "fields": {"name": "Can change content type", "content_type": 4, "codename": "change_contenttype"}}, {"model": "auth.permission", "pk": 15, "fields": {"name": "Can delete content type", "content_type": 4, "codename": "delete_contenttype"}}, {"model": "auth.permission", "pk": 16, "fields": {"name": "Can view content type", "content_type": 4, "codename": "view_contenttype"}}, {"model": "auth.permission", "pk": 17, "fields": {"name": "Can add session", "content_type": 5, "codename": "add_session"}}, {"model": "auth.permission", "pk": 18, "fields": {"name": "Can change session", "content_type": 5, "codename": "change_session"}}, {"model": "auth.permission", "pk": 19, "fields": {"name": "Can delete session", "content_type": 5, "codename": "delete_session"}}, {"model": "auth.permission", "pk": 20, "fields": {"name": "Can view session", "content_type": 5, "codename": "view_session"}}, {"model": "auth.permission", "pk": 21, "fields": {"name": "Can add Категория", "content_type": 6, "codename": "add_category"}}, {"model": "auth.permission", "pk": 22, "fields": {"name": "Can change Категория", "content_type": 6, "codename": "change_category"}}, {"model": "auth.permission", "pk": 23, "fields": {"name": "Can delete Категория", "content_type": 6, "codename": "delete_category"}}, {"model": "auth.permission", "pk": 24, "fields": {"name": "Can view Категория", "content_type": 6, "codename": "view_category"}}, {"model": "auth.permission", "pk": 25, "fields": {"name": "Can add Товар", "content_type": 7, "codename": "add_product"}}, {"model": "auth.permission", "pk": 26, "fields": {"name": "Can change Товар", "content_type": 7, "codename": "change_product"}}, {"model": "auth.permission", "pk": 27, "fields": {"name": "Can delete Товар", "content_type": 7, "codename": "delete_product"}}, {"model": "auth.permission", "pk": 28, "fields": {"name": "Can view Товар", "content_type": 7, "codename": "view_product"}}, {"model": "auth.permission", "pk": 29, "fields": {"name": "Can add user", "content_type": 8, "codename": "add_profileuserform"}}, {"model": "auth.permission", "pk": 30, "fields": {"name": "Can change user", "content_type": 8, "codename": "change_profileuserform"}}, {"model": "auth.permission", "pk": 31, "fields": {"name": "Can delete user", "content_type": 8, "codename": "delete_profileuserform"}}, {"model": "auth.permission", "pk": 32, "fields": {"name": "Can view user", "content_type": 8, "codename": "view_profileuserform"}}, {"model": "auth.permission", "pk": 33, "fields": {"name": "Can add cart user", "content_type": 9, "codename": "add_cartuser"}}, {"model": "auth.permission", "pk": 34, "fields": {"name": "Can change cart user", "content_type": 9, "codename": "change_cartuser"}}, {"model": "auth.permission", "pk": 35, "fields": {"name": "Can delete cart user", "content_type": 9, "codename": "delete_cartuser"}}, {"model": "auth.permission", "pk": 36, "fields": {"name": "Can view cart user", "content_type": 9, "codename": "view_cartuser"}}, {"model": "auth.permission", "pk": 37, "fields": {"name": "Can add cart item", "content_type": 10, "codename": "add_cartitem"}}, {"model": "auth.permission", "pk": 38, "fields": {"name": "Can change cart item", "content_type": 10, "codename": "change_cartitem"}}, {"model": "auth.permission", "pk": 39, "fields": {"name": "Can delete cart item", "content_type": 10, "codename": "delete_cartitem"}}, {"model": "auth.permission", "pk": 40, "fields": {"name": "Can view cart item", "content_type": 10, "codename": "view_cartitem"}}, {"model": "auth.permission", "pk": 41, "fields": {"name": "Can add order item", "content_type": 11, "codename": "add_orderitem"}}, {"model": "auth.permission", "pk": 42, "fields": {"name": "Can change order item", "content_type": 11, "codename": "change_orderitem"}}, {"model": "auth.permission", "pk": 43, "fields": {"name": "Can delete order item", "content_type": 11, "codename": "delete_orderitem"}}, {"model": "auth.permission", "pk": 44, "fields": {"name": "Can view order item", "content_type": 11, "codename": "view_orderitem"}}, {"model": "auth.permission", "pk": 45, "fields": {"name": "Can add order", "content_type": 12, "codename": "add_order"}}, {"model": "auth.permission", "pk": 46, "fields": {"name": "Can change order", "content_type": 12, "codename": "change_order"}}, {"model": "auth.permission", "pk": 47, "fields": {"name": "Can delete order", "content_type": 12, "codename": "delete_order"}}, {"model": "auth.permission", "pk": 48, "fields": {"name": "Can view order", "content_type": 12, "codename": "view_order"}}, {"model": "auth.permission", "pk": 49, "fields": {"name": "Can add order", "content_type": 13, "codename": "add_order"}}, {"model": "auth.permission", "pk": 50, "fields": {"name": "Can change order", "content_type": 13, "codename": "change_order"}}, {"model": "auth.permission", "pk": 51, "fields": {"name": "Can delete order", "content_type": 13, "codename": "delete_order"}}, {"model": "auth.permission", "pk": 52, "fields": {"name": "Can view order", "content_type": 13, "codename": "view_order"}}, {"model": "sessions.session", "pk": "817qfw4do0cqnbzarfj3bpidmh8fzsdh", "fields": {"session_data": "eyJjYXJ0Ijp7fX0:1tInNZ:n08nvZun4lJhLitm5YK5QJ6nbRdS0_QRaMbp_MH_tcE", "expire_date": "2024-12-18T11:17:13.902Z"}}, {"model": "sessions.session", "pk": "c5z3ambfwrb8q8skqd8o7881ln4qwb72", "fields": {"session_data": "eyJjYXJ0Ijp7fX0:1tInfW:69BD_gT2zutSg3xqVx6VsJu2fTnzxr_x7TGLgvVOdUo", "expire_date": "2024-12-18T11:35:46.051Z"}}, {"model": "sessions.session", "pk": "hvv4vqcimbu0pvk0g8iyfjvws592fg78", "fields": {"session_data": ".eJxVjDEOgzAMRe_iuYpiIIlh7N4zIDtxG9oKJAgT4u4tEgvrf-_9DSLPBbptv0HPa8n9uujcDwk6CHDZhONHxwOkN4-vycRpLPMg5lDMSRfzmJJ-76d7Oci85H_dVthKzd6FlALHJ6ESJooNVUGsc40Q2-ipRuuVpHUiHlXEqcVQoYP9ByQLOsE:1tL5X2:e0M3jMbd3cYu4uoHSMU3gjT37D_HisavdgStX3EHFVA", "expire_date": "2024-12-24T19:04:28.522Z"}}, {"model": "sessions.session", "pk": "m9hqu82gygbrxt9th8pjift5w1bf6bc2", "fields": {"session_data": "eyJjYXJ0Ijp7fX0:1tIncF:qip6t2eWYYMYyjWVg7mqvVs1HGdVt3G8mGO2ikJQ6uI", "expire_date": "2024-12-18T11:32:23.738Z"}}, {"model": "sessions.session", "pk": "mkgjah5q9g436a1hx4oe91i6ngfk6c9d", "fields": {"session_data": ".eJxVjDsOgzAQBe-ydWRh1mA7ZfqcAb21l0ASgcSnQtw9QaKhfTPzNkqYFrpv-40arEvXrLNOTZ_pTo4umyB9dDhAfmN4jSaNwzL1Yg7FnHQ2zzHr93G6l4MOc_evrcueFSmgKloWtN6jSMlKHVgrZkR1GRY21MIQL-oil5X1ZfQu2Ej7D0KvOxc:1tJ6rR:Sq5Qi36VMardS8VcZ8LywbYaXQnMYOFYXoPKEokRCQ8", "expire_date": "2024-12-19T08:05:21.442Z"}}, {"model": "sessions.session", "pk": "nedvdako2nwi26gtopbgddddpvrn0kt8", "fields": {"session_data": "eyJjYXJ0Ijp7fX0:1tInIb:dVLTFzXfDzOmMyU0Mn6GSlk5BxwQfcg1dFoEHn5aVK0", "expire_date": "2024-12-18T11:12:05.125Z"}}, {"model": "sessions.session", "pk": "ni1nwzpo9biowdpd8xfnvoi8g6me3ovm", "fields": {"session_data": ".eJxVjDsOgzAQRO-yNbK8Bn-gTJ8zoF3bCU4ik4ApIsTdAxJNminmvZkVPE0FuhXqIz4L5ZLKFzqs4D0lH6EDVE4KKWHbKuhpKUO_zHHqU9iZhb-OyT9jPkB4UL6Pwo-5TInFoYiTzuI6hvi6nO7fwUDzsK9bhS3XZLQNwZK_OYwOg_ONU5al1g07kt64GqWJjlvNbDAy6yjRKtSw_QA0Q0Ty:1tL5ho:YWpf7llTHbXpL1JM6ukQab8zsuLGEzIg14MCgggi0oQ", "expire_date": "2024-12-24T19:15:36.837Z"}}, {"model": "sessions.session", "pk": "psz9kp2lvtzj327xjfdhyijlvqzxivhq", "fields": {"session_data": "eyJjYXJ0Ijp7fX0:1tIo5y:vxlJK9EDDUkX4NJFbBa4k43c8oP8tz5MW1S0tpeTBzU", "expire_date": "2024-12-18T12:03:06.699Z"}}, {"model": "sessions.session", "pk": "q4dpiws3maini53hlfldfiak1qrk3g06", "fields": {"session_data": ".eJxVi0EKwyAQRe8y6xI0UaPZtdBzhHFmQGlrIZpVyN2bQDdZ_vf-24BwaTBt-w1mXFua1yrLnBkmsHBhEekl5RTnrN1ppLRM2PK3dM8P5vf9YI__7xInrOkoB5agrYpRBfFeekTyMjhhZQdGQ96xNxStNmR6Y5iC1mNkR2H0olyA_QdnEDpJ:1tJX9X:FPuKTrehcu1LSsh3J-x-XtqNAcsuOYoNsDSV9iTnrIY", "expire_date": "2024-12-20T12:09:47.818Z"}}, {"model": "sessions.session", "pk": "r0lu78pgbsmub644bw43q84ktmznqhkm", "fields": {"session_data": "eyJjYXJ0Ijp7fX0:1tIo7M:CHQCrA87JCe52EARvhrL7gM62JTGbN6Jkv4tym7-X90", "expire_date": "2024-12-18T12:04:32.542Z"}}, {"model": "sessions.session", "pk": "vp6ifqptr7g4knf9xi6sihfeu16m6qak", "fields": {"session_data": "eyJjYXJ0Ijp7fX0:1tInZE:BeMPIdScPFs7rF1nqqiXxEHzJIpROf5wB1cF5t_-umw", "expire_date": "2024-12-18T11:29:16.993Z"}}, {"model": "sessions.session", "pk": "xhm9cawdp7qxn7tyjafvkejuzie1x8dv", "fields": {"session_data": "eyJjYXJ0Ijp7fX0:1tInbc:nOYnelCLJnsIjO01wQ11Cpx_upuMvEUqBx-djFfCSDc", "expire_date": "2024-12-18T11:31:44.359Z"}}, {"model": "sessions.session", "pk": "zm1ytnhrgjia8i8trap16wfmtmj1n326", "fields": {"session_data": "eyJjYXJ0Ijp7fX0:1tInJ4:Bqa6Y5UuEISUcUp0r-DarAvqYJQoJoTLxQimoZQIkRw", "expire_date": "2024-12-18T11:12:34.690Z"}}, {"model": "shop.category", "pk": 1, "fields": {"name": "Программирование на Python", "slug": "programmirovaniiu-na-python"}}, {"model": "shop.category", "pk": 6, "fields": {"name": "Программирование на JavaScript", "slug": "programmirovanie-na-javascript"}}, {"model": "shop.category", "pk": 7, "fields": {"name": "Язык гипертекстовой разметки HTML", "slug": "iazyk-gipertekstovoi-razmetki-html"}}, {"model": "shop.category", "pk": 8, "fields": {"name": "Каскадные таблицы стилей CSS", "slug": "kaskadnye-tablitsy-stilei-css"}}, {"model": "shop.category", "pk": 9, "fields": {"name": "Структурированный язык запросов SQL", "slug": "strukturirovannyi-iazyk-zaprosov-sql"}}, {"model": "shop.product", "pk": 1, "fields": {"category": 1, "name": "Доусон М. \"Программируем на Python\"", "description": "Эта книга — идеальное пособие для начинающих изучать Python. Руководство, написанное опытным разработчиком и преподавателем, научит фундаментальным принципам программирования на примере создания простых игр. Вы приобретете необходимые навыки для разработки приложений на Python и узнаете, как их применять в реальной практике. Для лучшего усвоения материала в книге приведено множество примеров программного кода. В конце каждой главы вы найдете проект полноценной игры, иллюстрирующий ключевые идеи изложенной темы, а также краткое резюме пройденного материала и задачи для самопроверки. Прочитав эту книгу, вы всесторонне ознакомитесь с языком Python, усвоите базовые принципы программирования и будете готовы перенести их на почву других языков, за изучение которых возьметесь. Научитесь программировать на Python играючи!", "slug": "douson-m-programmiruem-na-python-1", "image": "products/2024/12/04/book_python1.jpg", "price": "1252.00", "available": true, "created": "2024-12-04T13:00:04.915Z", "updated": "2024-12-04T13:00:04.919Z"}}, {"model": "shop.product", "pk": 2, "fields": {"category": 1, "name": "Простой Python. Современный стиль программирования. 2-е изд.", "description": "«Простой Python» познакомит вас с одним из самых популярных языков программирования. Книга идеально подойдет как начинающим, так и опытным программистам, желающим добавить Python к списку освоенных языков.\r\nЛюбому программисту нужно знать не только язык, но и его возможности. Вы начнете с основ Python и его стандартной библиотеки. Узнаете, как находить, загружать, устанавливать и использовать сторонние пакеты. Изучите лучшие практики тестирования, отладки, повторного использования кода и получите полезные советы по разработке.\r\nПримеры кода и упражнения помогут в создании приложений для различных целей.\r\nЧто изменилось?\r\nАбсолютно новые 100 страниц (там есть котики).\r\nГлав стало большое, но они стали короче.\r\nПоявилась глава, посвященная типам данных, переменным и именам.\r\nДобавился рассказ о новых возможностях Python, таких как f-строки.\r\nОбновилась информация о сторонних библиотеках.\r\nНовые примеры кода.\r\nДан обзор библиотеки asyncio.\r\nРассмотрен новый стек технологий: контейнеры, облачные технологии, data science и машинное обучение.\r\nЧто осталось неизменным?", "slug": "prostoi-python-sovremennyi-stil-programmirovaniia-2-e-izd-2", "image": "products/2024/12/04/book_python3.jpg", "price": "852.00", "available": false, "created": "2024-12-04T13:03:48.321Z", "updated": "2024-12-04T13:03:48.327Z"}}, {"model": "shop.product", "pk": 3, "fields": {"category": 1, "name": "Python. Самое полное руководство по разработке в примерах от сообщества Stack Overflow .", "description": "Данное руководство по программированию на одном из широко распространенных языков — Python — основано на практических примерах кодов, написанных специалистами и экспертами сообщества Stack Overflow, в котором лучшие разработчики программного обеспечения со всего мира делятся своими знаниями и опытом, отвечая на многие технические вопросы.\r\nОпытные Python-программисты найдут в книге множество примеров кода с подробными комментариями, что поможет им усовершенствовать свои навыки и достичь новых высот в отрасли. Однако данное издание будет полезно и начинающим специалистам с минимальным опытом и уровнем знаний, так как содержит исчерпывающее объяснение важнейших концепций Python с примерами, которые позволят избежать погружения в сухую теорию и помогут быстро повысить уровень своих компетенций.\r\nЧитатели найдут здесь мощный и универсальный инструментарий для профессиональной работы в самых разных областях применения: с базами данных, веб-фреймворком Flask, XML и JSON, звуковыми данными, синтаксическим анализатором Lex-Yacc, а также при сетевом программировании, визуализации данных, многопоточности и многопроцессорности, программировании «интернета вещей». Кроме того, в книге представлена информация о применении Python в сфере науки, например, в математике, химии и криптографии. Отдельные главы посвящены секретам повышения скорости работы Python-кода и оптимизирования его производительности.", "slug": "python-samoe-polnoe-rukovodstvo-po-razrabotke-v-primerakh-ot-soobshchestva-stack-overflow-3", "image": "products/2024/12/04/book_python2.jpg", "price": "1280.00", "available": true, "created": "2024-12-04T13:05:44.369Z", "updated": "2024-12-05T12:22:14.047Z"}}, {"model": "shop.product", "pk": 10, "fields": {"category": 1, "name": "МакГрат М. Программирование на Python для начинающих", "description": "Книга \"Программирование на Python для начинающих\" является исчерпывающим руководством для того, чтобы научиться программировать на языке Python.\r\nВ этой книге с помощью примеров программ и иллюстраций, показывающих результаты работы кода, разбираются все ключевые аспекты языка. Установив свободно распространяемый интерпретатор Python, вы с первого же дня сможете создавать свои собственные исполняемые программы!", "slug": "makgrat-m-programmirovanie-na-python-dlia-nachinaiushchikh-10", "image": "products/2024/12/04/book_python4.jpg", "price": "442.00", "available": true, "created": "2024-12-04T13:26:40.899Z", "updated": "2024-12-04T13:26:40.903Z"}}, {"model": "shop.product", "pk": 11, "fields": {"category": 9, "name": "Оконные функции SQL. Анализ данных на практике Жиянов А. Н.", "description": "Антон Жиянов — разработчик Go и энтузиаст SQLite, специалист по работе с исходным кодом.\r\n«Оконные функции SQL» — книга о мощном инструменте для анализа данных, который позволяет выполнять сложные вычисления и получать информацию о группах строк или результатах окон, но если вкратце — как делать классные аналитические отчеты без участия «экселя».\r\nВместе с Антоном Жияновым разберемся в основах SQL:\r\n• что такое «окно» в SQL и как оно работает;\r\n• про фреймы и как с ними работать;\r\n• и конечно же выполним практические задания в песочнице.\r\nКнига будет полезна как начинающим разработчикам, так и опытным специалистам, желающим расширить и закрепить свои знания в области оконных функций SQL.", "slug": "okonnye-funktsii-sql-analiz-dannykh-na-praktike-zhiianov-a-n-11", "image": "products/2024/12/06/sql_title_convert.io.jpg", "price": "753.00", "available": true, "created": "2024-12-06T11:17:06.674Z", "updated": "2024-12-06T11:17:06.678Z"}}, {"model": "shop.product", "pk": 12, "fields": {"category": 6, "name": "МакГрат М. JavaScript для начинающих. 6-е издание", "description": "Начните программировать на JavaScript и создайте красивый и функциональный сайт своими руками прямо сейчас!\r\nС этим цветным пошаговым руководством вы без труда освоите все основные функции JavaScript и сможете сразу же применить полученные знания на практике.\r\nМножество иллюстраций, полезных советов и предостережений на полях книги помогут вам сэкономить время и избежать ошибок при обучении, а бесплатно скачиваемые примеры кода позволят добиться максимального эффекта от обучения.", "slug": "makgrat-m-javascript-dlia-nachinaiushchikh-6-e-izdanie-12", "image": "products/2024/12/06/js_title_convert.io.jpg", "price": "757.00", "available": true, "created": "2024-12-06T11:20:09.344Z", "updated": "2024-12-06T11:20:09.345Z"}}, {"model": "shop.product", "pk": 13, "fields": {"category": 9, "name": "SQL. Pocket guide, 4-е изд.", "description": "Если вы аналитик или инженер по обработке данных и используете SQL, популярный карманный справочник станет для вас идеальным помощником. Найдите множество примеров, раскрывающих все сложности языка, а также ключевые аспекты SQL при его использовании в Microsoft SQL Server, MySQL, Oracle Database, PostgreSQL и SQLite.\r\nВ обновленном издании Элис Жао описывает, как в этих СУБД используется SQL для формирования запросов и внесения изменений в базу. Получите подробную информацию о типах данных и их преобразованиях, синтаксисе регулярных выражений, оконных функциях, операторах PIVOT и UNPIVOT и многом другом.", "slug": "sql-pocket-guide-4-e-izd-13", "image": "products/2024/12/06/sql_title_convert_4X04UQy.io.jpg", "price": "1342.00", "available": false, "created": "2024-12-06T11:24:18.424Z", "updated": "2024-12-06T11:24:18.425Z"}}, {"model": "shop.product", "pk": 14, "fields": {"category": 9, "name": "Книга: Ткачев О. А. \"PostgreSQL: SQL + PL/pgSQL для тех, кто хочет стать профессионалом\"", "description": "Теоретическая часть сопровождается большим количеством наглядных примеров, разноплановых практических задач и детальным разбором их решений. Это позволяет понять, при решении каких задач целесообразно использовать тот или иной рассматриваемый элемент.\r\nТакже к каждой главе прилагается список заданий различной степени сложности для самостоятельного решения, что позволит закрепить теоретические знания и получить практические навыки программирования\r\nКнига может быть использована как в учебном процессе, при изучении дисциплины «Базы данных» студентами IT-специальностей, так и для самостоятельного освоения программирования в среде СУБД PostgreSQL. Материал, изложенный в этой книге, доступен для читателей с любым уровнем подготовки, и поэтому, приложив определенные усилия, вы станете ближе к заданной цели – стать профессионалом", "slug": "kniga-tkachev-o-a-postgresql-sql-pl-pgsql-dlia-tekh-kto-khochet-stat-professionalom-14", "image": "products/2024/12/06/sql_title_convert_Dv6kZw8.io.jpg", "price": "1475.00", "available": true, "created": "2024-12-06T11:27:13.529Z", "updated": "2024-12-06T11:27:13.530Z"}}, {"model": "shop.product", "pk": 15, "fields": {"category": 9, "name": "SQL: быстрое погружение", "description": "Что общего между самыми востребованными профессиями и стремительным увеличением количества информации в мире? Ответ: язык структурированных запросов (SQL). SQL – рабочая лошадка среди языков программирования, основа основ для современного анализа и управления данными.\r\nКнига «SQL: быстрое погружение» идеальна для всех, кто ищет новые перспективы карьерного роста; для разработчиков, которые хотят расширить свои навыки и знания в программировании; для любого человека, даже без опыта, кто хочет воспользоваться возможностями будущего, в котором будут править данные.", "slug": "sql-bystroe-pogruzhenie-15", "image": "products/2024/12/06/sql_title_convert_KCzBM3W.io.jpg", "price": "1180.00", "available": true, "created": "2024-12-06T11:30:05.497Z", "updated": "2024-12-06T11:30:05.498Z"}}, {"model": "shop.product", "pk": 16, "fields": {"category": 6, "name": "JavaScript на примерах. Практика, практика и только практика", "description": "Эта книга является превосходным учебным пособием для изучения языка программирования JavaScript на примерах. Книга написана простым и доступным языком. Лучший выбор для результативного изучения JavaScript! Эта книга является превосходным учебным пособием для изучения языка программирования JavaScript на примерах. Изложение ведется последовательно: от написания первой программы, до создания полноценных проектов: интерактивных элементов (типа слайдера, диалоговых окон) интернет-магазина, лендинговой страницы и проч. По ходу даются все необходимые пояснения и комментарии.Книга написана простым и доступным языком. Лучший выбор для результативного изучения JavaScript!", "slug": "javascript-na-primerakh-praktika-praktika-i-tolko-praktika-16", "image": "products/2024/12/06/js_title.jpg", "price": "395.00", "available": false, "created": "2024-12-06T11:33:46.545Z", "updated": "2024-12-06T11:33:46.546Z"}}, {"model": "shop.product", "pk": 17, "fields": {"category": 8, "name": "Новая большая книга CSS [Цифровая книга]", "description": "Технология CSS3 позволяет создавать профессионально оформленные сайты, но тонкости этого языка могут оказаться довольно сложными даже для опытных веб-разработчиков. Полностью переработанное четвертое издание этой книги поможет вам поднять навыки работы с HTML и CSS на новый уровень; оно содержит множество ценных советов, описаний приемов, а также инструкции, написанные в стиле справочного руководства. Веб-дизайнеры, как начинающие, так и опытные, при помощи этой книги быстро научатся создавать красивые веб-страницы, которые молниеносно загружаются как на ПК, так и на мобильные устройства.", "slug": "novaia-bolshaia-kniga-css-tsifrovaia-kniga-17", "image": "products/2024/12/06/css_title.jpg", "price": "413.00", "available": true, "created": "2024-12-06T11:36:21.745Z", "updated": "2024-12-06T11:36:21.746Z"}}, {"model": "shop.product", "pk": 18, "fields": {"category": 7, "name": "Справочник HTML. Кратко, быстро, под рукой", "description": "Данный справочник содержит полную информацию об HTML5 в удобной и наглядной форме. Структура справочника позволяет быстро и удобно находить нужную информацию, получать примеры использования тех или иных тегов HTML. Отдельное внимание уделено отраслевым рекомендациям по хорошему стилю использования HTML для верстки веб-сайтов, приведено описание приемов семантической верстки. Справочник будет полезен всем, кто использует или изучает HTML: от начинающих до профессионалов.", "slug": "spravochnik-html-kratko-bystro-pod-rukoi-18", "image": "products/2024/12/06/html_title_convert.io.jpg", "price": "703.00", "available": true, "created": "2024-12-06T11:40:57.785Z", "updated": "2024-12-06T11:40:57.787Z"}}, {"model": "shop.product", "pk": 19, "fields": {"category": 6, "name": "Васильев А. Н. JavaScript в примерах и задачах", "description": "Простой и интересный самоучитель по JavaScript, наиболее популярному сегодня языку программирования во всем мире. Полный спектр сведений о языке JavaScript с примерами и разбором задач от автора учебников-бестселлеров по языкам программирования Алексея Васильева. С помощью этой книги освоить язык JavaScript сможет каждый желающий - от новичка до специалиста.", "slug": "vasilev-a-n-javascript-v-primerakh-i-zadachakh-19", "image": "products/2024/12/06/js_title_1yRHjuY.jpg", "price": "1272.00", "available": true, "created": "2024-12-06T11:58:07.639Z", "updated": "2024-12-06T11:58:07.642Z"}}, {"model": "shop.gallery", "pk": 1, "fields": {"image": "gallery/python_book22.jpg", "product": 3}}, {"model": "shop.gallery", "pk": 2, "fields": {"image": "gallery/python_book21.jpg", "product": 3}}, {"model": "shop.gallery", "pk": 3, "fields": {"image": "gallery/sql1_convert.io.jpg", "product": 11}}, {"model": "shop.gallery", "pk": 4, "fields": {"image": "gallery/sql2_convert.io.jpg", "product": 11}}, {"model": "shop.gallery", "pk": 5, "fields": {"image": "gallery/js1_convert.io.jpg", "product": 12}}, {"model": "shop.gallery", "pk": 6, "fields": {"image": "gallery/js2_convert.io.jpg", "product": 12}}, {"model": "shop.gallery", "pk": 7, "fields": {"image": "gallery/sql1_convert_dwPqKyT.io.jpg", "product": 13}}, {"model": "shop.gallery", "pk": 8, "fields": {"image": "gallery/sql2_convert_NwjQnwN.io.jpg", "product": 13}}, {"model": "shop.gallery", "pk": 9, "fields": {"image": "gallery/sql1_convert_Ezg3vbR.io.jpg", "product": 14}}, {"model": "shop.gallery", "pk": 10, "fields": {"image": "gallery/sql1_convert_kqmAYEh.io.jpg", "product": 15}}, {"model": "shop.gallery", "pk": 11, "fields": {"image": "gallery/sql2_convert_YvvmCZJ.io.jpg", "product": 15}}, {"model": "shop.gallery", "pk": 12, "fields": {"image": "gallery/js1.jpg", "product": 16}}, {"model": "shop.gallery", "pk": 13, "fields": {"image": "gallery/js2.jpg", "product": 16}}, {"model": "shop.gallery", "pk": 14, "fields": {"image": "gallery/html1.jpg", "product": 18}}, {"model": "shop.gallery", "pk": 15, "fields": {"image": "gallery/html2.jpg", "product": 18}}, {"model": "shop.gallery", "pk": 16, "fields": {"image": "gallery/js1_k3XrQI0.jpg", "product": 19}}, {"model": "shop.gallery", "pk": 17, "fields": {"image": "gallery/js2_VhecCgC.jpg", "product": 19}}, {"model": "users.profileuserform", "pk": 4, "fields": {"password": "pbkdf2_sha256$870000$Bth5njM3HNZqAl3VCEBPav$nACCrbcbLz4HkGONpFy1citZtEAOYj3jgM6pClf34YE=", "last_login": "2024-12-07T18:44:15.684Z", "is_superuser": false, "username": "staff", "first_name": "staff", "last_name": "staff", "email": "111@mail.ru", "is_staff": false, "is_active": true, "date_joined": "2024-12-04T12:07:50.279Z", "phone": null, "city": null, "photo": "", "date_birth": "1972-12-08T00:00:00Z", "groups": [], "user_permissions": []}}, {"model": "users.profileuserform", "pk": 5, "fields": {"password": "pbkdf2_sha256$870000$FY0ADAAbzaWil2x9m9V92B$ErhzFfT7eWglov1dWUmAr9lZjpctSZdNCvKEzk7Zoa8=", "last_login": "2024-12-06T12:09:47.814Z", "is_superuser": false, "username": "admin", "first_name": "ivan", "last_name": "ivanov", "email": "ivan.ivanov@like.ru", "is_staff": false, "is_active": true, "date_joined": "2024-12-04T12:38:43.841Z", "phone": "+79218867006", "city": null, "photo": "users/2024/12/04/cat_1mwxMb2.jpg", "date_birth": null, "groups": [], "user_permissions": []}}, {"model": "users.profileuserform", "pk": 7, "fields": {"password": "pbkdf2_sha256$870000$MRwdC4Y1n83WSiQ71IPxGV$xcFIe8IC3HamfFlPPiovkrOkfpDO8gF38/k94Jm++lo=", "last_login": "2024-12-10T19:15:36.824Z", "is_superuser": false, "username": "admin2", "first_name": "Andrey", "last_name": "Bobrob", "email": "8867006@mail.ru", "is_staff": false, "is_active": true, "date_joined": "2024-12-10T18:45:59.110Z", "phone": "+79218867006", "city": null, "photo": "", "date_birth": null, "groups": [], "user_permissions": []}}, {"model": "cart.cartuser", "pk": 1, "fields": {"user": 3}}, {"model": "cart.cartuser", "pk": 5, "fields": {"user": 6}}, {"model": "cart.cartuser", "pk": 6, "fields": {"user": 5}}, {"model": "cart.cartuser", "pk": 7, "fields": {"user": 4}}, {"model": "cart.cartuser", "pk": 26, "fields": {"user": 7}}, {"model": "cart.cartitem", "pk": 5, "fields": {"cart": 1, "product": 3, "quantity": 1, "created": "2024-12-04T14:30:33.025Z"}}, {"model": "cart.cartitem", "pk": 6, "fields": {"cart": 5, "product": 3, "quantity": 1, "created": "2024-12-06T07:37:15.228Z"}}, {"model": "cart.cartitem", "pk": 10, "fields": {"cart": 6, "product": 3, "quantity": 1, "created": "2024-12-06T12:45:55.895Z"}}, {"model": "cart.cartitem", "pk": 11, "fields": {"cart": 7, "product": 3, "quantity": 1, "created": "2024-12-07T19:53:38.860Z"}}, {"model": "orders.order", "pk": "2684c69c-47d4-46c3-9297-edbe6bbca74c", "fields": {"user": 7, "cart": null, "status": "в обработке", "payment": "cash", "delivery": "pick_up_point", "address": null, "created_at": "2024-12-12T16:42:49.750Z", "name": "admin2", "last_name": "Bobrob", "phone": null, "email": "8867006@mail.ru"}}, {"model": "orders.order", "pk": "2fe7a611-5971-40af-a971-dfa1d184ac65", "fields": {"user": 7, "cart": null, "status": "в обработке", "payment": "cash", "delivery": "pick_up_point", "address": null, "created_at": "2024-12-12T17:17:13.126Z", "name": "admin2", "last_name": "Bobrob", "phone": null, "email": "8867006@mail.ru"}}, {"model": "orders.order", "pk": "60fd5ec1-f948-42c9-b0cd-9f55ba31b960", "fields": {"user": 7, "cart": null, "status": "в обработке", "payment": "cash", "delivery": "pick_up_point", "address": null, "created_at": "2024-12-12T17:11:59.030Z", "name": "admin2", "last_name": "Bobrob", "phone": null, "email": "8867006@mail.ru"}}, {"model": "orders.order", "pk": "97e5cdef-fe75-457b-874c-78f10028af14", "fields": {"user": 7, "cart": null, "status": "в обработке", "payment": "cash", "delivery": "pick_up_point", "address": null, "created_at": "2024-12-10T21:10:30.282Z", "name": "admin2", "last_name": "Bobrob", "phone": null, "email": "8867006@mail.ru"}}, {"model": "orders.order", "pk": "b87eb6c1-7c47-4774-b659-7e7245df4d05", "fields": {"user": 7, "cart": null, "status": "в обработке", "payment": "cash", "delivery": "pick_up_point", "address": null, "created_at": "2024-12-12T17:10:52.887Z", "name": "admin2", "last_name": "Bobrob", "phone": null, "email": "8867006@mail.ru"}}, {"model": "orders.order", "pk": "c9a63fdb-d2aa-497c-82d6-08cee7368ad5", "fields": {"user": 7, "cart": null, "status": "в обработке", "payment": "cash", "delivery": "pick_up_point", "address": null, "created_at": "2024-12-10T21:11:14.943Z", "name": "admin2", "last_name": "Bobrob", "phone": null, "email": "8867006@mail.ru"}}, {"model": "orders.order", "pk": "ed7839b8-22bd-4b9c-826d-13c888540b9e", "fields": {"user": 7, "cart": null, "status": "в обработке", "payment": "cash", "delivery": "pick_up_point", "address": null, "created_at": "2024-12-10T21:10:03.919Z", "name": "admin2", "last_name": "Bobrob", "phone": null, "email": "8867006@mail.ru"}}, {"model": "orders.orderitem", "pk": 1, "fields": {"order": "c3d307d0-bb73-4cf9-b4dd-9dec48e800bb", "product": 3, "quantity": 1}}, {"model": "orders.orderitem", "pk": 2, "fields": {"order": "fa393223-04c8-4b1d-a658-2c55c603f3f8", "product": 3, "quantity": 1}}, {"model": "orders.orderitem", "pk": 3, "fields": {"order": "fa393223-04c8-4b1d-a658-2c55c603f3f8", "product": 1, "quantity": 1}}, {"model": "orders.orderitem", "pk": 4, "fields": {"order": "fc55aadd-56fc-43ce-a5ea-749d2078a54f", "product": 3, "quantity": 1}}, {"model": "orders.orderitem", "pk": 5, "fields": {"order": "ca0fc31c-d967-4ed2-b714-68056abe06a9", "product": 3, "quantity": 1}}, {"model": "orders.orderitem", "pk": 6, "fields": {"order": "46b81b8b-7036-452f-abde-8ce3b0059b44", "product": 3, "quantity": 1}}, {"model": "orders.orderitem", "pk": 7, "fields": {"order": "624003bb-8ff4-4ff7-9ac4-5e0ca12116fe", "product": 3, "quantity": 1}}, {"model": "orders.orderitem", "pk": 8, "fields": {"order": "44656fa5-21ec-4e06-b5d2-9aa9b64add62", "product": 3, "quantity": 1}}, {"model": "orders.orderitem", "pk": 9, "fields": {"order": "a9c91eb1-1466-46ad-b374-875cb91145b7", "product": 3, "quantity": 1}}, {"model": "orders.orderitem", "pk": 10, "fields": {"order": "e44ee739-0fe1-4618-a718-2d43a3e8e60e", "product": 3, "quantity": 1}}, {"model": "orders.orderitem", "pk": 11, "fields": {"order": "59704f6e-8445-46fd-b7bd-f7ddf194c669", "product": 3, "quantity": 1}}, {"model": "orders.orderitem", "pk": 12, "fields": {"order": "f353063c-c47c-4e85-9c80-37c71854ed33", "product": 3, "quantity": 1}}, {"model": "orders.orderitem", "pk": 13, "fields": {"order": "aed11631-590b-4d56-8f1b-d6686e8d6a6c", "product": 3, "quantity": 1}}, {"model": "orders.orderitem", "pk": 14, "fields": {"order": "5f0ddab6-f56c-4cf4-9782-51debc3af423", "product": 3, "quantity": 1}}, {"model": "orders.orderitem", "pk": 15, "fields": {"order": "2af12e03-c17a-428a-a01f-775f4eaae417", "product": 3, "quantity": 1}}, {"model": "orders.orderitem", "pk": 16, "fields": {"order": "1c8a8ea2-c833-4057-8b3d-592498e20be8", "product": 3, "quantity": 1}}, {"model": "orders.orderitem", "pk": 17, "fields": {"order": "a61e2825-dc42-4a0c-8429-5a64c8e96bfe", "product": 3, "quantity": 1}}, {"model": "orders.orderitem", "pk": 18, "fields": {"order": "654fbfb0-8f45-4b64-a71c-dbab9d031d43", "product": 3, "quantity": 1}}, {"model": "orders.orderitem", "pk": 19, "fields": {"order": "567b073c-897f-47f6-9bfe-eccf0a8a1f78", "product": 15, "quantity": 1}}, {"model": "orders.orderitem", "pk": 20, "fields": {"order": "567b073c-897f-47f6-9bfe-eccf0a8a1f78", "product": 3, "quantity": 1}}, {"model": "orders.orderitem", "pk": 21, "fields": {"order": "5b7738b7-f078-422a-8f2d-10f8de88bf20", "product": 3, "quantity": 1}}, {"model": "orders.orderitem", "pk": 22, "fields": {"order": "7084cce8-442f-46a9-af49-b5716b15395b", "product": 3, "quantity": 1}}, {"model": "orders.orderitem", "pk": 23, "fields": {"order": "b106cad6-9689-4deb-8db6-34fea4e23a8e", "product": 3, "quantity": 1}}, {"model": "orders.orderitem", "pk": 24, "fields": {"order": "04f2e695-2378-4d2d-8490-577cd13aedb6", "product": 3, "quantity": 1}}, {"model": "orders.orderitem", "pk": 25, "fields": {"order": "a3a17007-2d96-4fbd-9395-d6c45df65321", "product": 3, "quantity": 1}}, {"model": "orders.orderitem", "pk": 26, "fields": {"order": "2f23f5b1-ef3f-4f9f-b3d8-545f490b258f", "product": 3, "quantity": 1}}, {"model": "orders.orderitem", "pk": 27, "fields": {"order": "0f03918f-2454-430d-9109-f7983a7efd42", "product": 3, "quantity": 1}}, {"model": "orders.orderitem", "pk": 28, "fields": {"order": "ba5555c6-4aaf-4b70-bee0-24a7077e8aa1", "product": 3, "quantity": 1}}, {"model": "orders.orderitem", "pk": 29, "fields": {"order": "f16a0eda-eb07-47fc-a279-7fa87cf080f1", "product": 3, "quantity": 1}}, {"model": "orders.orderitem", "pk": 30, "fields": {"order": "3db19e6e-f5ff-474a-8bde-f1e0d0ea7565", "product": 1, "quantity": 1}}, {"model": "orders.orderitem", "pk": 31, "fields": {"order": "3db19e6e-f5ff-474a-8bde-f1e0d0ea7565", "product": 3, "quantity": 1}}, {"model": "orders.orderitem", "pk": 32, "fields": {"order": "3db19e6e-f5ff-474a-8bde-f1e0d0ea7565", "product": 15, "quantity": 1}}, {"model": "orders.orderitem", "pk": 33, "fields": {"order": "ed7839b8-22bd-4b9c-826d-13c888540b9e", "product": 3, "quantity": 1}}, {"model": "orders.orderitem", "pk": 34, "fields": {"order": "97e5cdef-fe75-457b-874c-78f10028af14", "product": 19, "quantity": 1}}, {"model": "orders.orderitem", "pk": 35, "fields": {"order": "c9a63fdb-d2aa-497c-82d6-08cee7368ad5", "product": 15, "quantity": 1}}, {"model": "orders.orderitem", "pk": 36, "fields": {"order": "c9a63fdb-d2aa-497c-82d6-08cee7368ad5", "product": 3, "quantity": 1}}, {"model": "orders.orderitem", "pk": 37, "fields": {"order": "b87eb6c1-7c47-4774-b659-7e7245df4d05", "product": 1, "quantity": 1}}, {"model": "orders.orderitem", "pk": 38, "fields": {"order": "b87eb6c1-7c47-4774-b659-7e7245df4d05", "product": 15, "quantity": 1}}, {"model": "orders.orderitem", "pk": 39, "fields": {"order": "b87eb6c1-7c47-4774-b659-7e7245df4d05", "product": 3, "quantity": 1}}, {"model": "orders.orderitem", "pk": 40, "fields": {"order": "60fd5ec1-f948-42c9-b0cd-9f55ba31b960", "product": 3, "quantity": 1}}, {"model": "orders.orderitem", "pk": 41, "fields": {"order": "2fe7a611-5971-40af-a971-dfa1d184ac65", "product": 3, "quantity": 1}}]